{
	
	"activeEnv":"development",
	
	"endpoints":{
		"oauth":"/auth/oauth/v2",
		"products":"/products/test/api",
		"cart":"/cart/test/api"
	},
	
    "development":{
        "auth":{
            "baseURI":"https://rahulshettyacademy.com",
            "endpoints":{
                "oauth":"/auth/oauth/v2",
				"test": "/maps/api/place/add/json",
				"secondrequest": "/maps/api/place/delete/json",
				"thirdrequest": "/maps/api/place/update/json",
				"fourthrequest": "/maps/api/place/get/json"
            }
        },
        "mobile":{
        	"baseURI":"https://api.spectrummobile.com",
        	
        	"username":"tamaegky@charter.net",
        	"password":"VPE426wqhu35Jk",
        	"excelKey":"slug"
        },
        "qa":{
        	"baseURI":"https://qa2-entapi.spectrummobile.com",
        	"endpoints":{
        		"productCatalog":"/mbosproductcatalog/api"
        	},
        	"excelKey":"slug"
        }
    },
    "production":{
        "auth":{
        	"baseURI":"https://apis.spectrum.net",
            "endpoints":{
                "oauth":"/auth/oauth/v2"
            }
        },
        "mobile":{
        	"baseURI":"https://api.spectrummobile.com",
        	"endpoints":{
        		"customer":"/customer/api",
        		"buyFlow":"/buyflowsession/api",
        		"utility":"/util/api"
        	},
        	"username":"tamaegky@charter.net",
        	"password":"VPE426wqhu35Jk",
        	"excelKey":"channel"
        }
    }
}